{"cameraMode":{"drawMode":0,"name":"Shaded","section":"Shading Mode"},"sceneLighting":false,"audioPlay":false,"sceneViewState":{"showFog":true,"showMaterialUpdate":false,"showSkybox":false,"showFlares":true,"showImageEffects":true,"showParticleSystems":true},"in2DMode":false,"pivot":{"x":10.97882080078125,"y":9.16217041015625,"z":0.021484375},"rotation":{"x":-0.016498584300279619,"y":-0.008999255485832692,"z":-0.00014907126023899764,"w":0.999825119972229},"size":10.649736404418946,"orthographic":true}