{"cameraMode":{"drawMode":0,"name":"Shaded","section":"Shading Mode"},"sceneLighting":false,"audioPlay":false,"sceneViewState":{"showFog":true,"showMaterialUpdate":false,"showSkybox":false,"showFlares":true,"showImageEffects":true,"showParticleSystems":true},"in2DMode":false,"pivot":{"x":14.27545166015625,"y":8.64794921875,"z":8.439453125},"rotation":{"x":0.06264611333608628,"y":-0.011695404537022114,"z":-0.0007544426480308175,"w":-0.997991144657135},"size":12.264813423156739,"orthographic":true}