{"cameraMode":{"drawMode":0,"name":"Shaded","section":"Shading Mode"},"sceneLighting":false,"audioPlay":false,"sceneViewState":{"showFog":true,"showMaterialUpdate":false,"showSkybox":false,"showFlares":true,"showImageEffects":true,"showParticleSystems":true},"in2DMode":false,"pivot":{"x":7.630135536193848,"y":3.3549838066101076,"z":0.7014731764793396},"rotation":{"x":-0.007802451960742474,"y":-0.049199629575014117,"z":0.0003477702266536653,"w":-0.9987877011299133},"size":18.990955352783204,"orthographic":true}